{
  "name": "saab-theme",
  "version": "1.0.0",
  "description": "WordPress theme for Jocelyne Saab website",
  "main": "index.js",
  "scripts": {
    "dev": "npm run sass:dev & npm run js:watch",
    "build": "npm run sass:build && npm run js:build",
    "sass:dev": "sass --watch src/scss:assets/css --style expanded --source-map",
    "sass:build": "sass src/scss:assets/css --style compressed --no-source-map",
    "js:watch": "webpack --mode development --watch",
    "js:build": "webpack --mode production",
    "lint:css": "stylelint 'src/scss/**/*.scss'",
    "lint:js": "eslint assets/js/",
    "optimize:images": "imagemin assets/images/src/* --out-dir=assets/images/",
    "zip": "zip -r saab-theme.zip . -x '*.git*' 'node_modules/*' 'src/*' '*.md' 'package*.json' 'webpack.config.js' '.eslintrc.js' '.stylelintrc.js'"
  },
  "keywords": [
    "wordpress",
    "theme",
    "jocelyne-saab",
    "filmmaker",
    "artist"
  ],
  "author": "Karl Serag",
  "license": "GPL-2.0+",
  "devDependencies": {
    "@babel/core": "^7.22.0",
    "@babel/preset-env": "^7.22.0",
    "babel-loader": "^9.1.0",
    "css-loader": "^6.8.0",
    "eslint": "^8.42.0",
    "imagemin": "^8.0.1",
    "imagemin-cli": "^7.0.0",
    "sass": "^1.63.0",
    "stylelint": "^15.7.0",
    "stylelint-config-standard-scss": "^10.0.0",
    "webpack": "^5.88.0",
    "webpack-cli": "^5.1.0"
  },
  "browserslist": [
    "> 1%",
    "last 2 versions",
    "not dead"
  ]
}